Lita Pecey,lpecey0@networksolutions.com,116 362 3525
Irena Tottman,itottman1@ask.com,205 517 8179
Merill Rymer,mrymer2@liveinternet.ru,993 984 0385
Desiri Lillyman,dlillyman3@t-online.de,916 463 6443
Cecil Panketh,cpanketh4@cbsnews.com,375 677 4738
Aurelia Dailly,adailly5@mac.com,953 742 3561
Fianna Matt,fmatt6@mapquest.com,124 438 0173
Quinn Robottham,qrobottham7@webeden.co.uk,882 979 2816
Gerrard Summerson,gsummerson8@tamu.edu,210 303 0074
Callean Forson,cforson9@altervista.org,621 117 8840
Demetris Fuidge,dfuidgea@cdbaby.com,778 877 2460
Reinhold Bleyman,rbleymanb@mapy.cz,895 416 7056
Juli Petrozzi,jpetrozzic@360.cn,284 757 0667
Angela Kubat,akubatd@google.com.au,573 500 3394
Terry Ainsley,tainsleye@prweb.com,752 208 6029
Coretta Bengefield,cbengefieldf@etsy.com,556 555 3896
Stacee Kernes,skernesg@yelp.com,420 589 5036
Gillian Croyden,gcroydenh@salon.com,821 911 6950
Olin Beminster,obeminsteri@usnews.com,896 890 4508
Faustina Capes,fcapesj@webs.com,431 722 6379
Sophie Prantl,sprantlk@lycos.com,301 879 2063
Xena Gehricke,xgehrickel@amazon.de,183 752 4294
Waylan Hubberstey,whubbersteym@latimes.com,282 345 2806
Kayley Lightbown,klightbownn@uiuc.edu,712 448 6482
Thornie Limeburner,tlimeburnero@yahoo.co.jp,496 125 0850
Corabel Daysh,cdayshp@gravatar.com,703 318 0344
Lanna Jewar,ljewarq@wikipedia.org,860 580 3363
Pacorro Baudic,pbaudicr@oaic.gov.au,554 736 8181
Chen Curson,ccursons@globo.com,409 100 6883
Eliza Boich,eboicht@slashdot.org,350 465 9420
Bambie Ramalhete,bramalheteu@abc.net.au,669 495 6129
Vitia Mouncher,vmouncherv@themeforest.net,152 776 0253
Clarette Wrout,cwroutw@issuu.com,193 808 7576
Kayla Gwyn,kgwynx@shinystat.com,635 811 8728
Barri Markovic,bmarkovicy@arizona.edu,865 792 5688
Dudley Clamo,dclamoz@twitter.com,912 780 0051
Aldis Bartholomieu,abartholomieu10@photobucket.com,583 138 9765
Brear Mousley,bmousley11@scribd.com,210 571 5151
Sonny Stanion,sstanion12@google.com.hk,852 125 5007
Candide Dartnall,cdartnall13@csmonitor.com,218 909 6823
Flint Huniwall,fhuniwall14@uol.com.br,172 422 5533
Lyman Peert,lpeert15@economist.com,759 433 1868
Kala Goundrill,kgoundrill16@twitter.com,654 906 7861
Bertrand Janak,bjanak17@liveinternet.ru,310 271 5613
Kelsey Boud,kboud18@usa.gov,582 836 7875
Sollie Blanchflower,sblanchflower19@youtube.com,216 108 0627
Elsey Barwood,ebarwood1a@shinystat.com,919 163 6768
Nowell Bedward,nbedward1b@businessweek.com,889 548 3629
Janetta Skeene,jskeene1c@reverbnation.com,830 897 8596
Anne-marie Siward,asiward1d@vkontakte.ru,170 125 0197
Maryanna Lawry,mlawry1e@parallels.com,460 380 7449
Moses Arnout,marnout1f@amazon.com,741 645 9966
Kalila De Fraine,kde1g@youtu.be,836 206 2743
Griff McGrey,gmcgrey1h@amazon.co.jp,405 810 0909
Kassandra Spurr,kspurr1i@deviantart.com,409 752 0430
Faustine Menure,fmenure1j@telegraph.co.uk,821 453 0679
Patten Axtell,paxtell1k@mashable.com,747 730 3823
Muffin Cutbirth,mcutbirth1l@storify.com,309 829 2703
Afton Tilliards,atilliards1m@paginegialle.it,489 406 0397
Jordon Szachniewicz,jszachniewicz1n@utexas.edu,131 104 6245
Henrieta Giroldi,hgiroldi1o@house.gov,503 735 0930
Bertha Sole,bsole1p@china.com.cn,179 343 5456
Francklin Gallifont,fgallifont1q@rakuten.co.jp,513 752 0755
Giorgia Montfort,gmontfort1r@hexun.com,444 600 8018
Kelsey Cryer,kcryer1s@usda.gov,972 974 2458
Ambros Joron,ajoron1t@bing.com,946 199 2580
Joanie Blaksland,jblaksland1u@narod.ru,994 751 6041
Andre Iwaszkiewicz,aiwaszkiewicz1v@washington.edu,885 424 6392
Clayborn Sheriff,csheriff1w@bravesites.com,233 774 9412
Oran Langlois,olanglois1x@seesaa.net,584 841 4837
Charmain Johanning,cjohanning1y@twitpic.com,633 500 8909
Maynord Ohrtmann,mohrtmann1z@engadget.com,195 701 6860
Bond Paule,bpaule20@marketwatch.com,909 719 5927
Justine Grellis,jgrellis21@berkeley.edu,396 264 7924
Bendicty Sidney,bsidney22@telegraph.co.uk,949 260 2010
Shelly Beadnell,sbeadnell23@infoseek.co.jp,811 867 6997
Ginnifer Lieb,glieb24@princeton.edu,648 884 8626
Freddie Diplock,fdiplock25@dailymotion.com,899 475 1669
Margit Pedlingham,mpedlingham26@blogspot.com,676 352 3534
Germaine Bahia,gbahia27@tiny.cc,913 868 5389
Jarvis Saill,jsaill28@harvard.edu,233 133 8663
Donielle Huddy,dhuddy29@moonfruit.com,993 982 2945
Shaun Tugman,stugman2a@omniture.com,841 899 6486
Kassia Borg,kborg2b@paypal.com,803 179 1361
Ronna Lammerich,rlammerich2c@dropbox.com,987 657 8671
Maighdiln Dench,mdench2d@networksolutions.com,581 572 7443
Allene Walisiak,awalisiak2e@java.com,327 575 5103
Blithe Kingescot,bkingescot2f@globo.com,680 929 2033
Gabby Hadfield,ghadfield2g@dot.gov,884 782 2520
Crin Veighey,cveighey2h@feedburner.com,387 859 1016
Grata Braidon,gbraidon2i@theatlantic.com,190 824 7070
Avis Temprell,atemprell2j@stanford.edu,375 990 4131
Raleigh Borrett,rborrett2k@surveymonkey.com,846 772 2089
Marilin Lionel,mlionel2l@printfriendly.com,969 276 2743
Peadar Bunworth,pbunworth2m@theglobeandmail.com,149 355 7309
Trumann Leall,tleall2n@sbwire.com,267 420 0429
Alanson Lark,alark2o@huffingtonpost.com,679 958 9243
Jolie Horsell,jhorsell2p@youtu.be,667 900 4829
Lida Paffley,lpaffley2q@virginia.edu,867 321 7161
Port Dizlie,pdizlie2r@sakura.ne.jp,544 909 6528
Radcliffe Ishaki,rishaki2s@desdev.cn,167 423 7693
Tadeas Matzkaitis,tmatzkaitis2t@ehow.com,579 127 4576
Wyatt Josowitz,wjosowitz2u@wikia.com,287 124 4041
Hedvig Samber,hsamber2v@artisteer.com,484 108 2539
Haze Adamiec,hadamiec2w@mediafire.com,469 840 9107
Kore Killick,kkillick2x@virginia.edu,616 932 9946
Andie Hann,ahann2y@nhs.uk,835 378 9761
Edwin Gurrado,egurrado2z@mysql.com,239 897 9650
Pamella Joutapaitis,pjoutapaitis30@shinystat.com,942 959 4351
Falito Schubuser,fschubuser31@nymag.com,611 688 3630
Karleen Hugnin,khugnin32@mac.com,485 578 7117
Winifield Upstell,wupstell33@bigcartel.com,433 195 3106
Debra Cregin,dcregin34@accuweather.com,699 455 1570
Kaleena Abrahmer,kabrahmer35@smugmug.com,569 786 6609
Patton Lingwood,plingwood36@free.fr,816 289 3425
Tamma Vasiljevic,tvasiljevic37@webeden.co.uk,106 512 5393
Sharla Rime,srime38@wikia.com,664 889 8695
Gard McCaw,gmccaw39@army.mil,301 993 4593
Carling Lobbe,clobbe3a@fema.gov,854 190 5024
Kerr Dalston,kdalston3b@joomla.org,144 986 8067
Tammy Longina,tlongina3c@tripadvisor.com,155 307 5658
Brandais Hargroves,bhargroves3d@sourceforge.net,325 810 9731
Byron Ferronier,bferronier3e@va.gov,144 506 4739
Penn Jorry,pjorry3f@t-online.de,581 155 9294
Consuela Foulkes,cfoulkes3g@rambler.ru,385 396 1733
Pansy Gorch,pgorch3h@bluehost.com,374 428 3238
Doe Cunde,dcunde3i@example.com,294 318 8332
Winfred Balducci,wbalducci3j@google.cn,739 952 8109
Zorah Maunders,zmaunders3k@e-recht24.de,434 827 1223
Robena Matiashvili,rmatiashvili3l@nasa.gov,248 427 7826
Julieta Flounders,jflounders3m@cam.ac.uk,435 729 6688
Margery Crowche,mcrowche3n@moonfruit.com,697 176 4401
Jelene Flight,jflight3o@dailymotion.com,299 721 7952
Hedwiga Bruneton,hbruneton3p@jigsy.com,486 164 8188
Florie Beardshaw,fbeardshaw3q@netscape.com,488 722 5009
Heddie Muddicliffe,hmuddicliffe3r@google.ca,851 555 0929
Madelin Cholomin,mcholomin3s@shutterfly.com,850 583 7322
Jerri Boult,jboult3t@blog.com,585 536 1342
Harlan Loudon,hloudon3u@ihg.com,386 440 0311
Kelsey Winks,kwinks3v@marketwatch.com,804 581 8888
Heloise Baraja,hbaraja3w@nifty.com,895 625 7242
Elsinore Jedrzaszkiewicz,ejedrzaszkiewicz3x@japanpost.jp,390 941 5476
Osbourn Clifford,oclifford3y@ucoz.com,650 848 6290
Bridgette Rounsivall,brounsivall3z@craigslist.org,289 829 8539
Fidole Skiggs,fskiggs40@bloglovin.com,497 607 8641
Rennie Overell,roverell41@reverbnation.com,781 780 4926
Meggie Ohanessian,mohanessian42@drupal.org,774 299 4052
Gisele Marquot,gmarquot43@usa.gov,247 683 3995
Heinrik Lantaph,hlantaph44@sfgate.com,245 856 2393
Veronike Medcalf,vmedcalf45@bizjournals.com,551 690 1297
Dana Laytham,dlaytham46@hao123.com,871 660 8300
Halley Brokenshire,hbrokenshire47@goo.ne.jp,854 780 2311
Melisandra Hamor,mhamor48@digg.com,705 105 7858
Thedrick Kneebone,tkneebone49@biblegateway.com,791 289 8772
Kylie Gallacher,kgallacher4a@springer.com,535 702 2894
Cesare Phettis,cphettis4b@nps.gov,627 965 9803
Briano Baumann,bbaumann4c@shinystat.com,306 571 0351
Dell O' Dornan,do4d@bbc.co.uk,645 391 2983
Stern Paver,spaver4e@qq.com,742 565 9196
Muire Westcot,mwestcot4f@virginia.edu,550 294 5991
Tremain Brower,tbrower4g@php.net,929 194 0123
Gnni Tacey,gtacey4h@latimes.com,100 720 3992
Charmane Bingell,cbingell4i@networkadvertising.org,934 218 6319
Bonny Jukubczak,bjukubczak4j@indiegogo.com,255 114 2494
Pren Elcom,pelcom4k@geocities.jp,625 632 1727
Keene Kording,kkording4l@noaa.gov,333 689 1193
Kylie Lamb-shine,klambshine4m@chronoengine.com,615 167 0567
Lucias Carver,lcarver4n@china.com.cn,157 884 8331
Nicola Ormond,normond4o@a8.net,979 667 2475
Eamon Gatling,egatling4p@tripod.com,456 774 0892
Ganny Colliber,gcolliber4q@friendfeed.com,592 317 7670
Nadean Gowman,ngowman4r@over-blog.com,396 200 5288
Rubia Overbury,roverbury4s@wp.com,593 612 5566
Vilma Gorghetto,vgorghetto4t@simplemachines.org,711 574 2249
Nannette Wyndham,nwyndham4u@ycombinator.com,814 910 2846
Carina O'Duilleain,coduilleain4v@blogspot.com,320 120 1528
Clem Kitteman,ckitteman4w@google.fr,298 370 4010
Micah Quinion,mquinion4x@uol.com.br,516 195 1879
Barbabas Caillou,bcaillou4y@mozilla.com,299 563 5733
Frederich Cawt,fcawt4z@oakley.com,465 551 7229
Ashlan Taye,ataye50@reverbnation.com,184 467 6743
Darice Concklin,dconcklin51@diigo.com,765 963 0702
Bamby Yelland,byelland52@engadget.com,810 320 9574
Cirilo Menchenton,cmenchenton53@slate.com,148 149 4651
Maurie Poxon,mpoxon54@washingtonpost.com,327 141 3037
Charlena Hartzogs,chartzogs55@blog.com,845 887 4956
Cordy Crocken,ccrocken56@soup.io,456 214 8703
Janaye Elles,jelles57@xing.com,634 813 7245
Andrea Arney,aarney58@ted.com,690 518 0474
Gay Pelcheur,gpelcheur59@ameblo.jp,314 547 4097
Marijo Childe,mchilde5a@squarespace.com,509 143 3593
Charmane Windram,cwindram5b@issuu.com,460 295 6597
Valeria Dunnico,vdunnico5c@newsvine.com,300 710 2700
Kylen Seacroft,kseacroft5d@tripod.com,592 464 2698
Marlo O'Monahan,momonahan5e@wordpress.org,132 988 1704
Coralyn Penhale,cpenhale5f@hao123.com,182 209 0325
George Yesinin,gyesinin5g@newsvine.com,255 917 3018
Ilyssa Noyes,inoyes5h@booking.com,681 445 3111
Randi O' Concannon,ro5i@europa.eu,743 808 9049
Cheryl Brackstone,cbrackstone5j@mapy.cz,637 786 9640
